<?xml version='1.0' encoding='UTF-8'?>
<?artifactRepository version='1.1.0'?>
<repository name='Bundle pool' type='org.eclipse.equinox.p2.artifact.repository.simpleRepository' version='1'>
  <properties size='2'>
    <property name='p2.system' value='true'/>
    <property name='p2.timestamp' value='1599683207635'/>
  </properties>
  <mappings size='3'>
    <rule filter='(&amp; (classifier=osgi.bundle))' output='${repoUrl}/plugins/${id}_${version}.jar'/>
    <rule filter='(&amp; (classifier=binary))' output='${repoUrl}/binary/${id}_${version}'/>
    <rule filter='(&amp; (classifier=org.eclipse.update.feature))' output='${repoUrl}/features/${id}_${version}.jar'/>
  </mappings>
  <artifacts size='272'>
    <artifact classifier='osgi.bundle' id='javax.annotation' version='1.2.0.v201602091430'>
      <properties size='1'>
        <property name='download.size' value='29148'/>
      </properties>
    </artifact>
    <artifact classifier='osgi.bundle' id='org.eclipse.gmf.runtime.sdk' version='1.7.0.201606071959'>
      <properties size='1'>
        <property name='download.size' value='14300'/>
      </properties>
    </artifact>
    <artifact classifier='osgi.bundle' id='org.eclipse.ocl.common' version='1.4.0.v20160521-2033'>
      <properties size='1'>
        <property name='download.size' value='34445'/>
      </properties>
    </artifact>
    <artifact classifier='osgi.bundle' id='org.eclipse.datatools.connectivity.ui' version='1.3.0.201603142002'>
      <properties size='1'>
        <property name='download.size' value='575323'/>
      </properties>
    </artifact>
    <artifact classifier='osgi.bundle' id='org.eclipse.gmf.runtime.diagram.ui.resources.editor.ide' version='1.7.0.201606071959'>
      <properties size='1'>
        <property name='download.size' value='69263'/>
      </properties>
    </artifact>
    <artifact classifier='osgi.bundle' id='org.eclipse.epsilon.evl.engine' version='1.4.0.201611012202'>
      <properties size='1'>
        <property name='download.size' value='338821'/>
      </properties>
    </artifact>
    <artifact classifier='osgi.bundle' id='org.eclipse.e4.emf.xpath' version='0.1.200.v20160506-0804'>
      <properties size='1'>
        <property name='download.size' value='50089'/>
      </properties>
    </artifact>
    <artifact classifier='osgi.bundle' id='org.eclipse.equinox.preferences' version='3.6.1.v20160815-1406'>
      <properties size='1'>
        <property name='download.size' value='133114'/>
      </properties>
    </artifact>
    <artifact classifier='osgi.bundle' id='org.eclipse.equinox.frameworkadmin.equinox' version='1.0.700.v20160102-2223'>
      <properties size='1'>
        <property name='download.size' value='64629'/>
      </properties>
    </artifact>
    <artifact classifier='osgi.bundle' id='org.eclipse.ant.core' version='3.4.100.v20160505-0642'>
      <properties size='1'>
        <property name='download.size' value='108709'/>
      </properties>
    </artifact>
    <artifact classifier='osgi.bundle' id='org.eclipse.ecf.provider.filetransfer.ssl' version='1.0.0.v20160823-2221'>
      <properties size='1'>
        <property name='download.size' value='10126'/>
      </properties>
    </artifact>
    <artifact classifier='osgi.bundle' id='org.eclipse.ui.console' version='3.6.200.v20160518-1858'>
      <properties size='1'>
        <property name='download.size' value='213437'/>
      </properties>
    </artifact>
    <artifact classifier='osgi.bundle' id='org.eclipse.jface.text' version='3.11.1.v20160819-1517'>
      <properties size='1'>
        <property name='download.size' value='1070207'/>
      </properties>
    </artifact>
    <artifact classifier='osgi.bundle' id='org.apache.batik.dom.svg' version='1.6.0.v201011041432'>
      <properties size='1'>
        <property name='download.size' value='464630'/>
      </properties>
    </artifact>
    <artifact classifier='osgi.bundle' id='org.sat4j.core' version='2.3.5.v201308161310'>
      <properties size='1'>
        <property name='download.size' value='362968'/>
      </properties>
    </artifact>
    <artifact classifier='osgi.bundle' id='org.eclipse.core.databinding.observable' version='1.6.0.v20160511-1747'>
      <properties size='1'>
        <property name='download.size' value='354911'/>
      </properties>
    </artifact>
    <artifact classifier='osgi.bundle' id='org.apache.batik.svggen' version='1.6.0.v201011041432'>
      <properties size='1'>
        <property name='download.size' value='188270'/>
      </properties>
    </artifact>
    <artifact classifier='osgi.bundle' id='org.eclipse.core.databinding' version='1.6.0.v20160412-0910'>
      <properties size='1'>
        <property name='download.size' value='204409'/>
      </properties>
    </artifact>
    <artifact classifier='osgi.bundle' id='org.eclipse.epsilon.eol.engine' version='1.4.0.201611012202'>
      <properties size='1'>
        <property name='download.size' value='880639'/>
      </properties>
    </artifact>
    <artifact classifier='osgi.bundle' id='org.eclipse.jface.databinding' version='1.8.0.v20160420-2231'>
      <properties size='1'>
        <property name='download.size' value='290956'/>
      </properties>
    </artifact>
    <artifact classifier='osgi.bundle' id='org.eclipse.gef' version='3.11.0.201606061308'>
      <properties size='1'>
        <property name='download.size' value='999341'/>
      </properties>
    </artifact>
    <artifact classifier='osgi.bundle' id='org.eclipse.equinox.p2.ui' version='2.4.100.v20160419-0834'>
      <properties size='1'>
        <property name='download.size' value='585105'/>
      </properties>
    </artifact>
    <artifact classifier='osgi.bundle' id='org.eclipse.gmf.runtime.common.ui.services.dnd.ide' version='1.7.0.201606071959'>
      <properties size='1'>
        <property name='download.size' value='24897'/>
      </properties>
    </artifact>
    <artifact classifier='osgi.bundle' id='org.tukaani.xz' version='1.3.0.v201308270617'>
      <properties size='1'>
        <property name='download.size' value='109753'/>
      </properties>
    </artifact>
    <artifact classifier='osgi.bundle' id='org.eclipse.gmf.runtime.common.core' version='1.7.0.201606071959'>
      <properties size='1'>
        <property name='download.size' value='116879'/>
      </properties>
    </artifact>
    <artifact classifier='osgi.bundle' id='org.eclipse.epsilon.emf.dt' version='1.4.0.201611012202'>
      <properties size='1'>
        <property name='download.size' value='172874'/>
      </properties>
    </artifact>
    <artifact classifier='osgi.bundle' id='org.eclipse.datatools.connectivity.sqm.core.ui' version='1.3.0.201603142002'>
      <properties size='1'>
        <property name='download.size' value='347159'/>
      </properties>
    </artifact>
    <artifact classifier='osgi.bundle' id='org.eclipse.gmf.runtime.draw2d.ui' version='1.9.0.201606071959'>
      <properties size='1'>
        <property name='download.size' value='314435'/>
      </properties>
    </artifact>
    <artifact classifier='osgi.bundle' id='org.eclipse.ltk.core.refactoring' version='3.7.0.v20160419-0705'>
      <properties size='1'>
        <property name='download.size' value='345037'/>
      </properties>
    </artifact>
    <artifact classifier='osgi.bundle' id='org.apache.batik.css' version='1.7.0.v201011041433'>
      <properties size='1'>
        <property name='download.size' value='356012'/>
      </properties>
    </artifact>
    <artifact classifier='osgi.bundle' id='org.eclipse.equinox.p2.discovery' version='1.0.400.v20160504-1450'>
      <properties size='1'>
        <property name='download.size' value='37653'/>
      </properties>
    </artifact>
    <artifact classifier='osgi.bundle' id='org.eclipse.e4.ui.workbench.swt' version='0.14.1.v20160829-0832'>
      <properties size='1'>
        <property name='download.size' value='191811'/>
      </properties>
    </artifact>
    <artifact classifier='osgi.bundle' id='org.apache.batik.dom' version='1.6.1.v201505192100'>
      <properties size='1'>
        <property name='download.size' value='110471'/>
      </properties>
    </artifact>
    <artifact classifier='osgi.bundle' id='org.eclipse.equinox.p2.core' version='2.4.100.v20160419-0834'>
      <properties size='1'>
        <property name='download.size' value='73322'/>
      </properties>
    </artifact>
    <artifact classifier='osgi.bundle' id='org.eclipse.equinox.p2.updatesite' version='1.0.600.v20160504-1450'>
      <properties size='1'>
        <property name='download.size' value='96069'/>
      </properties>
    </artifact>
    <artifact classifier='osgi.bundle' id='org.eclipse.core.commands' version='3.8.0.v20160316-1921'>
      <properties size='1'>
        <property name='download.size' value='115077'/>
      </properties>
    </artifact>
    <artifact classifier='osgi.bundle' id='org.eclipse.ui' version='3.108.0.v20160518-1929'>
      <properties size='1'>
        <property name='download.size' value='396048'/>
      </properties>
    </artifact>
    <artifact classifier='osgi.bundle' id='org.eclipse.datatools.sqltools.sqlscrapbook' version='1.1.0.201603142002'>
      <properties size='1'>
        <property name='download.size' value='141206'/>
      </properties>
    </artifact>
    <artifact classifier='osgi.bundle' id='org.eclipse.ui.forms' version='3.7.0.v20160518-1929'>
      <properties size='1'>
        <property name='download.size' value='348108'/>
      </properties>
    </artifact>
    <artifact classifier='osgi.bundle' id='org.eclipse.equinox.app' version='1.3.400.v20150715-1528'>
      <properties size='1'>
        <property name='download.size' value='87766'/>
      </properties>
    </artifact>
    <artifact classifier='osgi.bundle' id='br.ufpe.cin.eercase' version='1.0.0.202009091725'>
      <properties size='1'>
        <property name='download.size' value='102253'/>
      </properties>
    </artifact>
    <artifact classifier='osgi.bundle' id='org.eclipse.gmf.runtime.emf.type.core' version='1.9.0.201606071959'>
      <properties size='1'>
        <property name='download.size' value='190093'/>
      </properties>
    </artifact>
    <artifact classifier='osgi.bundle' id='org.eclipse.team.core' version='3.8.0.v20160418-1534'>
      <properties size='1'>
        <property name='download.size' value='426162'/>
      </properties>
    </artifact>
    <artifact classifier='osgi.bundle' id='org.eclipse.core.jobs' version='3.8.0.v20160509-0411'>
      <properties size='1'>
        <property name='download.size' value='111093'/>
      </properties>
    </artifact>
    <artifact classifier='osgi.bundle' id='org.eclipse.gmf.runtime.diagram.ui.properties' version='1.7.0.201606071959'>
      <properties size='1'>
        <property name='download.size' value='217501'/>
      </properties>
    </artifact>
    <artifact classifier='osgi.bundle' id='org.eclipse.equinox.simpleconfigurator.manipulator' version='2.0.200.v20160504-1450'>
      <properties size='1'>
        <property name='download.size' value='26379'/>
      </properties>
    </artifact>
    <artifact classifier='osgi.bundle' id='org.eclipse.text' version='3.6.0.v20160503-1849'>
      <properties size='1'>
        <property name='download.size' value='269227'/>
      </properties>
    </artifact>
    <artifact classifier='osgi.bundle' id='org.eclipse.core.variables' version='3.3.0.v20160419-1720'>
      <properties size='1'>
        <property name='download.size' value='36017'/>
      </properties>
    </artifact>
    <artifact classifier='osgi.bundle' id='org.eclipse.equinox.p2.touchpoint.natives' version='1.2.100.v20160419-0834'>
      <properties size='1'>
        <property name='download.size' value='75287'/>
      </properties>
    </artifact>
    <artifact classifier='osgi.bundle' id='org.eclipse.emf.edit' version='2.12.0.v20160526-0356'>
      <properties size='1'>
        <property name='download.size' value='278989'/>
      </properties>
    </artifact>
    <artifact classifier='osgi.bundle' id='org.eclipse.jdt.annotation' version='2.1.0.v20160418-1457'>
      <properties size='1'>
        <property name='download.size' value='25854'/>
      </properties>
    </artifact>
    <artifact classifier='osgi.bundle' id='org.eclipse.ltk.ui.refactoring' version='3.8.0.v20160518-1817'>
      <properties size='1'>
        <property name='download.size' value='503766'/>
      </properties>
    </artifact>
    <artifact classifier='osgi.bundle' id='org.eclipse.equinox.p2.repository' version='2.3.200.v20160421-0324'>
      <properties size='1'>
        <property name='download.size' value='134293'/>
      </properties>
    </artifact>
    <artifact classifier='osgi.bundle' id='org.eclipse.equinox.p2.publisher' version='1.4.100.v20160504-1450'>
      <properties size='1'>
        <property name='download.size' value='96264'/>
      </properties>
    </artifact>
    <artifact classifier='osgi.bundle' id='org.eclipse.gmf.runtime.emf.type.ui' version='1.7.0.201606071959'>
      <properties size='1'>
        <property name='download.size' value='18469'/>
      </properties>
    </artifact>
    <artifact classifier='osgi.bundle' id='org.eclipse.core.databinding.property' version='1.6.0.v20160427-0852'>
      <properties size='1'>
        <property name='download.size' value='196421'/>
      </properties>
    </artifact>
    <artifact classifier='osgi.bundle' id='org.eclipse.datatools.sqltools.sql' version='1.1.0.201603142002'>
      <properties size='1'>
        <property name='download.size' value='92388'/>
      </properties>
    </artifact>
    <artifact classifier='osgi.bundle' id='org.eclipse.emf.mapping' version='2.9.0.v20160526-0356'>
      <properties size='1'>
        <property name='download.size' value='191160'/>
      </properties>
    </artifact>
    <artifact classifier='osgi.bundle' id='org.eclipse.equinox.p2.ui.discovery' version='1.0.201.v20160901-1335'>
      <properties size='1'>
        <property name='download.size' value='155423'/>
      </properties>
    </artifact>
    <artifact classifier='osgi.bundle' id='org.eclipse.ui.navigator.resources' version='3.5.100.v20160518-1929'>
      <properties size='1'>
        <property name='download.size' value='161903'/>
      </properties>
    </artifact>
    <artifact classifier='osgi.bundle' id='org.eclipse.epsilon.ewl.emf' version='1.4.0.201611012202'>
      <properties size='1'>
        <property name='download.size' value='101440'/>
      </properties>
    </artifact>
    <artifact classifier='osgi.bundle' id='org.apache.batik.util.gui' version='1.6.0.v201011041432'>
      <properties size='1'>
        <property name='download.size' value='164927'/>
      </properties>
    </artifact>
    <artifact classifier='osgi.bundle' id='org.eclipse.equinox.util' version='1.0.500.v20130404-1337'>
      <properties size='1'>
        <property name='download.size' value='77932'/>
      </properties>
    </artifact>
    <artifact classifier='osgi.bundle' id='org.eclipse.jface' version='3.12.0.v20160518-1929'>
      <properties size='1'>
        <property name='download.size' value='1086650'/>
      </properties>
    </artifact>
    <artifact classifier='osgi.bundle' id='org.eclipse.ecf' version='3.8.0.v20160823-2221'>
      <properties size='1'>
        <property name='download.size' value='109534'/>
      </properties>
    </artifact>
    <artifact classifier='osgi.bundle' id='org.eclipse.emf.validation' version='1.8.0.201606071713'>
      <properties size='1'>
        <property name='download.size' value='412895'/>
      </properties>
    </artifact>
    <artifact classifier='osgi.bundle' id='org.eclipse.swt.win32.win32.x86_64' version='3.105.1.v20160907-0248'>
      <properties size='1'>
        <property name='download.size' value='2871601'/>
      </properties>
    </artifact>
    <artifact classifier='osgi.bundle' id='org.eclipse.equinox.security.win32.x86_64' version='1.0.100.v20130327-1442'>
      <properties size='1'>
        <property name='download.size' value='35334'/>
      </properties>
    </artifact>
    <artifact classifier='osgi.bundle' id='org.eclipse.emf.ecore.xmi' version='2.12.0.v20160420-0247'>
      <properties size='1'>
        <property name='download.size' value='230424'/>
      </properties>
    </artifact>
    <artifact classifier='osgi.bundle' id='org.eclipse.equinox.p2.director' version='2.3.300.v20160504-1450'>
      <properties size='1'>
        <property name='download.size' value='104577'/>
      </properties>
    </artifact>
    <artifact classifier='osgi.bundle' id='org.eclipse.gmf.runtime.emf.clipboard.core' version='1.7.0.201606071959'>
      <properties size='1'>
        <property name='download.size' value='109539'/>
      </properties>
    </artifact>
    <artifact classifier='osgi.bundle' id='org.eclipse.e4.ui.workbench.renderers.swt' version='0.14.0.v20160525-0940'>
      <properties size='1'>
        <property name='download.size' value='299608'/>
      </properties>
    </artifact>
    <artifact classifier='org.eclipse.update.feature' id='br.ufpe.cin.eercase.feature' version='1.0.10'>
      <properties size='1'>
        <property name='download.size' value='4542'/>
      </properties>
      <repositoryProperties size='1'>
        <property name='artifact.folder' value='true'/>
      </repositoryProperties>
    </artifact>
    <artifact classifier='osgi.bundle' id='org.eclipse.equinox.p2.discovery.compatibility' version='1.0.200.v20131211-1531'>
      <properties size='1'>
        <property name='download.size' value='56571'/>
      </properties>
    </artifact>
    <artifact classifier='osgi.bundle' id='org.eclipse.e4.core.di.annotations' version='1.5.0.v20151127-1241'>
      <properties size='1'>
        <property name='download.size' value='11738'/>
      </properties>
    </artifact>
    <artifact classifier='osgi.bundle' id='org.eclipse.jetty.servlet' version='9.3.9.v20160517'>
      <properties size='1'>
        <property name='download.size' value='126755'/>
      </properties>
    </artifact>
    <artifact classifier='osgi.bundle' id='org.eclipse.e4.ui.workbench.addons.swt' version='1.2.100.v20160831-1151'>
      <properties size='1'>
        <property name='download.size' value='152398'/>
      </properties>
    </artifact>
    <artifact classifier='osgi.bundle' id='org.eclipse.equinox.p2.publisher.eclipse' version='1.2.100.v20160504-1450'>
      <properties size='1'>
        <property name='download.size' value='233445'/>
      </properties>
    </artifact>
    <artifact classifier='osgi.bundle' id='org.eclipse.equinox.launcher.win32.win32.x86_64' version='1.1.400.v20160518-1444'>
      <properties size='1'>
        <property name='download.size' value='30387'/>
      </properties>
      <repositoryProperties size='1'>
        <property name='artifact.folder' value='true'/>
      </repositoryProperties>
    </artifact>
    <artifact classifier='osgi.bundle' id='org.eclipse.gmf.runtime.emf.ui.properties' version='1.7.0.201606071959'>
      <properties size='1'>
        <property name='download.size' value='62660'/>
      </properties>
    </artifact>
    <artifact classifier='osgi.bundle' id='org.w3c.dom.events' version='3.0.0.draft20060413_v201105210656'>
      <properties size='1'>
        <property name='download.size' value='18205'/>
      </properties>
    </artifact>
    <artifact classifier='osgi.bundle' id='org.eclipse.emf.cdo.ecore.retrofit' version='4.2.300.v20160301-1326'>
      <properties size='1'>
        <property name='download.size' value='19000'/>
      </properties>
    </artifact>
    <artifact classifier='osgi.bundle' id='org.eclipse.emf.common' version='2.12.0.v20160420-0247'>
      <properties size='1'>
        <property name='download.size' value='357670'/>
      </properties>
    </artifact>
    <artifact classifier='osgi.bundle' id='org.eclipse.datatools.help' version='1.6.0.201603142002'>
      <properties size='1'>
        <property name='download.size' value='16563'/>
      </properties>
    </artifact>
    <artifact classifier='osgi.bundle' id='org.eclipse.equinox.frameworkadmin' version='2.0.300.v20160504-1450'>
      <properties size='1'>
        <property name='download.size' value='37428'/>
      </properties>
    </artifact>
    <artifact classifier='osgi.bundle' id='org.eclipse.ui.win32' version='3.3.0.v20160505-1310'>
      <properties size='1'>
        <property name='download.size' value='25969'/>
      </properties>
    </artifact>
    <artifact classifier='osgi.bundle' id='org.eclipse.equinox.security.ui' version='1.1.300.v20150803-1225'>
      <properties size='1'>
        <property name='download.size' value='186036'/>
      </properties>
    </artifact>
    <artifact classifier='osgi.bundle' id='org.eclipse.ecf.identity' version='3.7.0.v20160823-2221'>
      <properties size='1'>
        <property name='download.size' value='63528'/>
      </properties>
    </artifact>
    <artifact classifier='osgi.bundle' id='org.eclipse.core.filebuffers' version='3.6.0.v20160503-1849'>
      <properties size='1'>
        <property name='download.size' value='122203'/>
      </properties>
    </artifact>
    <artifact classifier='osgi.bundle' id='org.eclipse.equinox.http.jetty' version='3.3.0.v20160324-1850'>
      <properties size='1'>
        <property name='download.size' value='29927'/>
      </properties>
    </artifact>
    <artifact classifier='osgi.bundle' id='org.eclipse.equinox.p2.metadata.repository' version='1.2.300.v20160419-0834'>
      <properties size='1'>
        <property name='download.size' value='122479'/>
      </properties>
    </artifact>
    <artifact classifier='osgi.bundle' id='org.eclipse.jetty.security' version='9.3.9.v20160517'>
      <properties size='1'>
        <property name='download.size' value='105193'/>
      </properties>
    </artifact>
    <artifact classifier='osgi.bundle' id='org.apache.batik.util' version='1.7.0.v201011041433'>
      <properties size='1'>
        <property name='download.size' value='158140'/>
      </properties>
    </artifact>
    <artifact classifier='osgi.bundle' id='org.eclipse.equinox.p2.garbagecollector' version='1.0.300.v20160504-1450'>
      <properties size='1'>
        <property name='download.size' value='25987'/>
      </properties>
    </artifact>
    <artifact classifier='osgi.bundle' id='org.eclipse.equinox.p2.reconciler.dropins' version='1.1.400.v20160504-1450'>
      <properties size='1'>
        <property name='download.size' value='49357'/>
      </properties>
    </artifact>
    <artifact classifier='osgi.bundle' id='org.eclipse.gmf.runtime.common.ui' version='1.8.1.201606071959'>
      <properties size='1'>
        <property name='download.size' value='257938'/>
      </properties>
    </artifact>
    <artifact classifier='osgi.bundle' id='org.eclipse.gmf.runtime.diagram.ui.render' version='1.7.0.201606071959'>
      <properties size='1'>
        <property name='download.size' value='117139'/>
      </properties>
    </artifact>
    <artifact classifier='osgi.bundle' id='org.eclipse.emf.ecore.change' version='2.11.0.v20160420-0247'>
      <properties size='1'>
        <property name='download.size' value='87096'/>
      </properties>
    </artifact>
    <artifact classifier='osgi.bundle' id='org.eclipse.gmf.runtime.diagram.core' version='1.7.0.201606071959'>
      <properties size='1'>
        <property name='download.size' value='133090'/>
      </properties>
    </artifact>
    <artifact classifier='osgi.bundle' id='org.eclipse.ui.workbench.texteditor' version='3.10.1.v20160818-1626'>
      <properties size='1'>
        <property name='download.size' value='667595'/>
      </properties>
    </artifact>
    <artifact classifier='osgi.bundle' id='org.eclipse.equinox.p2.transport.ecf' version='1.1.200.v20160606-1311'>
      <properties size='1'>
        <property name='download.size' value='43595'/>
      </properties>
    </artifact>
    <artifact classifier='osgi.bundle' id='org.eclipse.core.filesystem' version='1.6.0.v20160503-1608'>
      <properties size='1'>
        <property name='download.size' value='66465'/>
      </properties>
    </artifact>
    <artifact classifier='osgi.bundle' id='org.eclipse.emf.common.ui' version='2.11.0.v20160526-0356'>
      <properties size='1'>
        <property name='download.size' value='156080'/>
      </properties>
    </artifact>
    <artifact classifier='osgi.bundle' id='org.eclipse.jetty.util' version='9.3.9.v20160517'>
      <properties size='1'>
        <property name='download.size' value='458691'/>
      </properties>
    </artifact>
    <artifact classifier='osgi.bundle' id='org.eclipse.epsilon.eol.dt' version='1.4.0.201611012202'>
      <properties size='1'>
        <property name='download.size' value='268937'/>
      </properties>
    </artifact>
    <artifact classifier='osgi.bundle' id='javax.inject' version='1.0.0.v20091030'>
      <properties size='1'>
        <property name='download.size' value='16996'/>
      </properties>
    </artifact>
    <artifact classifier='osgi.bundle' id='org.eclipse.gmf.runtime.draw2d.ui.render.awt' version='1.8.0.201606071959'>
      <properties size='1'>
        <property name='download.size' value='196265'/>
      </properties>
    </artifact>
    <artifact classifier='osgi.bundle' id='org.eclipse.gmf.tooling.runtime' version='3.3.1.201509291144'>
      <properties size='1'>
        <property name='download.size' value='291381'/>
      </properties>
    </artifact>
    <artifact classifier='osgi.bundle' id='org.eclipse.epsilon.dependencies' version='1.4.0.201611012202'>
      <properties size='1'>
        <property name='download.size' value='6984'/>
      </properties>
    </artifact>
    <artifact classifier='osgi.bundle' id='org.eclipse.gmf.runtime.common.ui.services.dnd' version='1.7.0.201606071959'>
      <properties size='1'>
        <property name='download.size' value='92912'/>
      </properties>
    </artifact>
    <artifact classifier='osgi.bundle' id='org.eclipse.ui.views' version='3.8.101.v20160816-1954'>
      <properties size='1'>
        <property name='download.size' value='110524'/>
      </properties>
    </artifact>
    <artifact classifier='osgi.bundle' id='org.eclipse.gmf.runtime.diagram.ui.printing.render' version='1.8.0.201606071959'>
      <properties size='1'>
        <property name='download.size' value='92582'/>
      </properties>
    </artifact>
    <artifact classifier='osgi.bundle' id='org.eclipse.equinox.security' version='1.2.200.v20150715-1528'>
      <properties size='1'>
        <property name='download.size' value='109600'/>
      </properties>
    </artifact>
    <artifact classifier='osgi.bundle' id='org.eclipse.core.expressions' version='3.5.100.v20160418-1621'>
      <properties size='1'>
        <property name='download.size' value='91504'/>
      </properties>
    </artifact>
    <artifact classifier='osgi.bundle' id='org.eclipse.core.resources.win32.x86_64' version='3.5.0.v20140124-1940'>
      <properties size='1'>
        <property name='download.size' value='27687'/>
      </properties>
    </artifact>
    <artifact classifier='osgi.bundle' id='org.eclipse.gmf.runtime.diagram.ui.providers.ide' version='1.7.0.201606071959'>
      <properties size='1'>
        <property name='download.size' value='23927'/>
      </properties>
    </artifact>
    <artifact classifier='osgi.bundle' id='org.eclipse.osgi' version='3.11.1.v20160708-1632'>
      <properties size='1'>
        <property name='download.size' value='1384479'/>
      </properties>
    </artifact>
    <artifact classifier='osgi.bundle' id='org.eclipse.ui.browser' version='3.5.1.v20160712-0914'>
      <properties size='1'>
        <property name='download.size' value='234746'/>
      </properties>
    </artifact>
    <artifact classifier='osgi.bundle' id='org.eclipse.ecf.provider.filetransfer' version='3.2.200.v20160823-2221'>
      <properties size='1'>
        <property name='download.size' value='129652'/>
      </properties>
    </artifact>
    <artifact classifier='osgi.bundle' id='org.eclipse.epsilon.common.dt' version='1.4.0.201611012202'>
      <properties size='1'>
        <property name='download.size' value='447731'/>
      </properties>
    </artifact>
    <artifact classifier='osgi.bundle' id='org.eclipse.jetty.continuation' version='9.3.9.v20160517'>
      <properties size='1'>
        <property name='download.size' value='22662'/>
      </properties>
    </artifact>
    <artifact classifier='osgi.bundle' id='org.eclipse.xsd.edit' version='2.8.0.v20160526-0356'>
      <properties size='1'>
        <property name='download.size' value='223711'/>
      </properties>
    </artifact>
    <artifact classifier='osgi.bundle' id='org.apache.batik.ext.awt' version='1.6.0.v201011041432'>
      <properties size='1'>
        <property name='download.size' value='396709'/>
      </properties>
    </artifact>
    <artifact classifier='osgi.bundle' id='org.eclipse.datatools.sqltools.editor.core.ui' version='1.1.0.201603142002'>
      <properties size='1'>
        <property name='download.size' value='46161'/>
      </properties>
    </artifact>
    <artifact classifier='osgi.bundle' id='org.eclipse.draw2d' version='3.10.100.201606061308'>
      <properties size='1'>
        <property name='download.size' value='616652'/>
      </properties>
    </artifact>
    <artifact classifier='osgi.bundle' id='org.eclipse.epsilon.evl.emf.validation' version='1.4.0.201611012202'>
      <properties size='1'>
        <property name='download.size' value='56803'/>
      </properties>
    </artifact>
    <artifact classifier='osgi.bundle' id='lpg.runtime.java' version='2.0.17.v201004271640'>
      <properties size='1'>
        <property name='download.size' value='111079'/>
      </properties>
    </artifact>
    <artifact classifier='osgi.bundle' id='org.eclipse.datatools.sqltools.sqleditor' version='1.1.0.201603142002'>
      <properties size='1'>
        <property name='download.size' value='471987'/>
      </properties>
    </artifact>
    <artifact classifier='osgi.bundle' id='org.eclipse.osgi.services' version='3.5.100.v20160504-1419'>
      <properties size='1'>
        <property name='download.size' value='111152'/>
      </properties>
    </artifact>
    <artifact classifier='osgi.bundle' id='org.eclipse.equinox.p2.console' version='1.0.500.v20160504-1450'>
      <properties size='1'>
        <property name='download.size' value='28420'/>
      </properties>
    </artifact>
    <artifact classifier='osgi.bundle' id='org.eclipse.equinox.p2.repository.tools' version='2.1.300.v20160421-0324'>
      <properties size='1'>
        <property name='download.size' value='245107'/>
      </properties>
    </artifact>
    <artifact classifier='osgi.bundle' id='org.eclipse.equinox.p2.ui.importexport' version='1.1.200.v20160521-1138'>
      <properties size='1'>
        <property name='download.size' value='121849'/>
      </properties>
    </artifact>
    <artifact classifier='osgi.bundle' id='org.eclipse.equinox.simpleconfigurator' version='1.1.200.v20160504-1450'>
      <properties size='1'>
        <property name='download.size' value='44424'/>
      </properties>
    </artifact>
    <artifact classifier='osgi.bundle' id='org.eclipse.e4.ui.css.swt' version='0.12.100.v20160517-1505'>
      <properties size='1'>
        <property name='download.size' value='259445'/>
      </properties>
    </artifact>
    <artifact classifier='osgi.bundle' id='org.eclipse.equinox.p2.operations' version='2.4.200.v20160504-1450'>
      <properties size='1'>
        <property name='download.size' value='77176'/>
      </properties>
    </artifact>
    <artifact classifier='osgi.bundle' id='org.eclipse.equinox.event' version='1.3.200.v20160324-1850'>
      <properties size='1'>
        <property name='download.size' value='34366'/>
      </properties>
    </artifact>
    <artifact classifier='osgi.bundle' id='org.eclipse.gmf.runtime.common.ui.services.properties' version='1.9.0.201606071959'>
      <properties size='1'>
        <property name='download.size' value='76723'/>
      </properties>
    </artifact>
    <artifact classifier='osgi.bundle' id='org.eclipse.compare.core' version='3.6.0.v20160418-1534'>
      <properties size='1'>
        <property name='download.size' value='66969'/>
      </properties>
    </artifact>
    <artifact classifier='osgi.bundle' id='org.eclipse.gmf.runtime.emf.ui' version='1.7.0.201606071959'>
      <properties size='1'>
        <property name='download.size' value='94096'/>
      </properties>
    </artifact>
    <artifact classifier='osgi.bundle' id='org.eclipse.datatools.modelbase.dbdefinition' version='1.2.101.201811012051'>
      <properties size='1'>
        <property name='download.size' value='170452'/>
      </properties>
    </artifact>
    <artifact classifier='osgi.bundle' id='org.eclipse.emf.ecore.editor' version='2.12.0.v20160526-0356'>
      <properties size='1'>
        <property name='download.size' value='112738'/>
      </properties>
    </artifact>
    <artifact classifier='osgi.bundle' id='org.eclipse.ui.ide' version='3.12.1.v20160823-0925'>
      <properties size='1'>
        <property name='download.size' value='2384308'/>
      </properties>
    </artifact>
    <artifact classifier='osgi.bundle' id='org.eclipse.e4.ui.workbench' version='1.4.0.v20160517-1624'>
      <properties size='1'>
        <property name='download.size' value='249245'/>
      </properties>
    </artifact>
    <artifact classifier='osgi.bundle' id='org.eclipse.jetty.io' version='9.3.9.v20160517'>
      <properties size='1'>
        <property name='download.size' value='119392'/>
      </properties>
    </artifact>
    <artifact classifier='osgi.bundle' id='org.eclipse.e4.ui.widgets' version='1.1.100.v20160506-0759'>
      <properties size='1'>
        <property name='download.size' value='15378'/>
      </properties>
    </artifact>
    <artifact classifier='osgi.bundle' id='com.ibm.icu' version='56.1.0.v201601250100'>
      <properties size='1'>
        <property name='download.size' value='11365876'/>
      </properties>
    </artifact>
    <artifact classifier='osgi.bundle' id='org.eclipse.emf.ecore' version='2.12.0.v20160420-0247'>
      <properties size='1'>
        <property name='download.size' value='1190945'/>
      </properties>
    </artifact>
    <artifact classifier='osgi.bundle' id='org.eclipse.emf.workspace' version='1.5.1.201606071900'>
      <properties size='1'>
        <property name='download.size' value='86877'/>
      </properties>
    </artifact>
    <artifact classifier='osgi.bundle' id='org.eclipse.datatools.sqltools.result' version='1.2.0.201603142002'>
      <properties size='1'>
        <property name='download.size' value='97891'/>
      </properties>
    </artifact>
    <artifact classifier='osgi.bundle' id='org.eclipse.e4.ui.workbench3' version='0.13.100.v20160506-0759'>
      <properties size='1'>
        <property name='download.size' value='10954'/>
      </properties>
    </artifact>
    <artifact classifier='osgi.bundle' id='org.eclipse.core.resources' version='3.11.0.v20160503-1608'>
      <properties size='1'>
        <property name='download.size' value='882636'/>
      </properties>
    </artifact>
    <artifact classifier='osgi.bundle' id='org.eclipse.e4.ui.model.workbench' version='1.2.0.v20160229-1459'>
      <properties size='1'>
        <property name='download.size' value='385199'/>
      </properties>
    </artifact>
    <artifact classifier='osgi.bundle' id='org.eclipse.gmf.runtime.draw2d.ui.render' version='1.7.0.201606071959'>
      <properties size='1'>
        <property name='download.size' value='49384'/>
      </properties>
    </artifact>
    <artifact classifier='osgi.bundle' id='org.eclipse.equinox.p2.artifact.repository' version='1.1.500.v20160419-0834'>
      <properties size='1'>
        <property name='download.size' value='141186'/>
      </properties>
    </artifact>
    <artifact classifier='osgi.bundle' id='org.eclipse.gmf.runtime.gef.ui' version='1.7.0.201606071959'>
      <properties size='1'>
        <property name='download.size' value='101974'/>
      </properties>
    </artifact>
    <artifact classifier='osgi.bundle' id='org.eclipse.e4.core.di.extensions' version='0.14.0.v20160211-1614'>
      <properties size='1'>
        <property name='download.size' value='27795'/>
      </properties>
    </artifact>
    <artifact classifier='osgi.bundle' id='org.eclipse.ocl' version='3.6.0.v20160523-1914'>
      <properties size='1'>
        <property name='download.size' value='1151981'/>
      </properties>
    </artifact>
    <artifact classifier='osgi.bundle' id='org.eclipse.emf.ecore.edit' version='2.9.0.v20160526-0356'>
      <properties size='1'>
        <property name='download.size' value='127940'/>
      </properties>
    </artifact>
    <artifact classifier='osgi.bundle' id='org.eclipse.emf' version='2.6.0.v20160526-0356'>
      <properties size='1'>
        <property name='download.size' value='11724'/>
      </properties>
    </artifact>
    <artifact classifier='osgi.bundle' id='org.eclipse.jetty.server' version='9.3.9.v20160517'>
      <properties size='1'>
        <property name='download.size' value='512378'/>
      </properties>
    </artifact>
    <artifact classifier='osgi.bundle' id='org.eclipse.help' version='3.7.0.v20160602-1307'>
      <properties size='1'>
        <property name='download.size' value='269916'/>
      </properties>
    </artifact>
    <artifact classifier='osgi.bundle' id='org.eclipse.equinox.bidi' version='1.0.0.v20160307-1318'>
      <properties size='1'>
        <property name='download.size' value='49755'/>
      </properties>
    </artifact>
    <artifact classifier='osgi.bundle' id='org.eclipse.gmf.runtime.notation' version='1.8.0.201606071631'>
      <properties size='1'>
        <property name='download.size' value='382474'/>
      </properties>
    </artifact>
    <artifact classifier='osgi.bundle' id='org.eclipse.datatools.sqltools.editor.core' version='1.1.0.201603142002'>
      <properties size='1'>
        <property name='download.size' value='192706'/>
      </properties>
    </artifact>
    <artifact classifier='osgi.bundle' id='org.eclipse.gmf.runtime.common.ui.action.ide' version='1.7.0.201606071959'>
      <properties size='1'>
        <property name='download.size' value='39306'/>
      </properties>
    </artifact>
    <artifact classifier='osgi.bundle' id='br.ufpe.cin.eercase.product' version='1.0.0.202009091725'>
      <properties size='1'>
        <property name='download.size' value='506733'/>
      </properties>
    </artifact>
    <artifact classifier='osgi.bundle' id='org.eclipse.emf.edit.ui' version='2.12.0.v20160526-0356'>
      <properties size='1'>
        <property name='download.size' value='239120'/>
      </properties>
    </artifact>
    <artifact classifier='osgi.bundle' id='org.w3c.dom.svg' version='1.1.0.v201011041433'>
      <properties size='1'>
        <property name='download.size' value='97382'/>
      </properties>
    </artifact>
    <artifact classifier='osgi.bundle' id='org.eclipse.equinox.http.servlet' version='1.3.1.v20160808-1329'>
      <properties size='1'>
        <property name='download.size' value='185781'/>
      </properties>
    </artifact>
    <artifact classifier='osgi.bundle' id='org.eclipse.emf.transaction' version='1.9.0.201606071900'>
      <properties size='1'>
        <property name='download.size' value='172879'/>
      </properties>
    </artifact>
    <artifact classifier='osgi.bundle' id='org.eclipse.e4.core.services' version='2.0.100.v20160509-1032'>
      <properties size='1'>
        <property name='download.size' value='54479'/>
      </properties>
    </artifact>
    <artifact classifier='osgi.bundle' id='org.eclipse.e4.ui.di' version='1.1.100.v20160506-0759'>
      <properties size='1'>
        <property name='download.size' value='16800'/>
      </properties>
    </artifact>
    <artifact classifier='osgi.bundle' id='org.eclipse.core.runtime' version='3.12.0.v20160606-1342'>
      <properties size='1'>
        <property name='download.size' value='75728'/>
      </properties>
    </artifact>
    <artifact classifier='osgi.bundle' id='org.antlr.runtime_3.1.b1' version='3.1.0'>
      <properties size='1'>
        <property name='download.size' value='123231'/>
      </properties>
    </artifact>
    <artifact classifier='osgi.bundle' id='org.eclipse.gmf.runtime.diagram.ui' version='1.8.0.201606071959'>
      <properties size='1'>
        <property name='download.size' value='1192284'/>
      </properties>
    </artifact>
    <artifact classifier='osgi.bundle' id='org.eclipse.gmf.runtime.notation.providers' version='1.7.0.201606071959'>
      <properties size='1'>
        <property name='download.size' value='29140'/>
      </properties>
    </artifact>
    <artifact classifier='osgi.bundle' id='org.eclipse.gmf.runtime.diagram.ui.resources.editor' version='1.7.0.201606071959'>
      <properties size='1'>
        <property name='download.size' value='123289'/>
      </properties>
    </artifact>
    <artifact classifier='osgi.bundle' id='org.eclipse.datatools.connectivity' version='1.13.0.201603142002'>
      <properties size='1'>
        <property name='download.size' value='275788'/>
      </properties>
    </artifact>
    <artifact classifier='osgi.bundle' id='javax.xml' version='1.3.4.v201005080400'>
      <properties size='1'>
        <property name='download.size' value='252201'/>
      </properties>
    </artifact>
    <artifact classifier='osgi.bundle' id='org.eclipse.gmf.runtime.diagram.ui.dnd' version='1.7.0.201606071959'>
      <properties size='1'>
        <property name='download.size' value='19219'/>
      </properties>
    </artifact>
    <artifact classifier='osgi.bundle' id='org.apache.commons.jxpath' version='1.3.0.v200911051830'>
      <properties size='1'>
        <property name='download.size' value='315491'/>
      </properties>
    </artifact>
    <artifact classifier='osgi.bundle' id='org.apache.batik.util.gui' version='1.7.0.v200903091627'>
      <properties size='1'>
        <property name='download.size' value='212351'/>
      </properties>
    </artifact>
    <artifact classifier='osgi.bundle' id='org.eclipse.datatools.connectivity.sqm.core' version='1.3.0.201603142002'>
      <properties size='1'>
        <property name='download.size' value='340176'/>
      </properties>
    </artifact>
    <artifact classifier='osgi.bundle' id='org.slf4j.api' version='1.7.2.v20121108-1250'>
      <properties size='1'>
        <property name='download.size' value='34566'/>
      </properties>
    </artifact>
    <artifact classifier='osgi.bundle' id='org.eclipse.equinox.concurrent' version='1.1.0.v20130327-1442'>
      <properties size='1'>
        <property name='download.size' value='25493'/>
      </properties>
    </artifact>
    <artifact classifier='osgi.bundle' id='org.eclipse.core.contenttype' version='3.5.100.v20160418-1621'>
      <properties size='1'>
        <property name='download.size' value='101190'/>
      </properties>
    </artifact>
    <artifact classifier='osgi.bundle' id='org.eclipse.ocl.ecore' version='3.6.0.v20160523-1914'>
      <properties size='1'>
        <property name='download.size' value='372302'/>
      </properties>
    </artifact>
    <artifact classifier='osgi.bundle' id='org.eclipse.gmf.runtime.common.ui.printing.win32' version='1.7.0.201606071959'>
      <properties size='1'>
        <property name='download.size' value='770126'/>
      </properties>
    </artifact>
    <artifact classifier='osgi.bundle' id='org.apache.batik.bridge' version='1.6.0.v201011041432'>
      <properties size='1'>
        <property name='download.size' value='516639'/>
      </properties>
    </artifact>
    <artifact classifier='osgi.bundle' id='org.eclipse.ui.views.properties.tabbed' version='3.7.0.v20160310-0903'>
      <properties size='1'>
        <property name='download.size' value='110526'/>
      </properties>
    </artifact>
    <artifact classifier='osgi.bundle' id='org.eclipse.debug.ui' version='3.11.201.v20160825-1412'>
      <properties size='1'>
        <property name='download.size' value='3111673'/>
      </properties>
    </artifact>
    <artifact classifier='osgi.bundle' id='org.eclipse.gmf.runtime.lite.svg' version='1.0.0.201509291144'>
      <properties size='1'>
        <property name='download.size' value='24029'/>
      </properties>
    </artifact>
    <artifact classifier='osgi.bundle' id='org.eclipse.equinox.p2.director.app' version='1.0.500.v20160419-0834'>
      <properties size='1'>
        <property name='download.size' value='54805'/>
      </properties>
    </artifact>
    <artifact classifier='osgi.bundle' id='br.ufpe.cin.eercase.edit' version='1.0.0.202009091725'>
      <properties size='1'>
        <property name='download.size' value='522641'/>
      </properties>
    </artifact>
    <artifact classifier='osgi.bundle' id='org.eclipse.ui.workbench' version='3.108.1.v20160819-2118'>
      <properties size='1'>
        <property name='download.size' value='4039404'/>
      </properties>
    </artifact>
    <artifact classifier='osgi.bundle' id='org.eclipse.equinox.p2.ui.sdk.scheduler' version='1.2.200.v20160504-1450'>
      <properties size='1'>
        <property name='download.size' value='117627'/>
      </properties>
    </artifact>
    <artifact classifier='osgi.bundle' id='org.eclipse.help.base' version='4.1.0.v20160907-1200'>
      <properties size='1'>
        <property name='download.size' value='429997'/>
      </properties>
    </artifact>
    <artifact classifier='osgi.bundle' id='org.apache.batik.xml' version='1.6.0.v201011041432'>
      <properties size='1'>
        <property name='download.size' value='36668'/>
      </properties>
    </artifact>
    <artifact classifier='osgi.bundle' id='org.eclipse.gmf.runtime.diagram.ui.actions' version='1.7.0.201606071959'>
      <properties size='1'>
        <property name='download.size' value='220783'/>
      </properties>
    </artifact>
    <artifact classifier='osgi.bundle' id='org.eclipse.jetty.http' version='9.3.9.v20160517'>
      <properties size='1'>
        <property name='download.size' value='159462'/>
      </properties>
    </artifact>
    <artifact classifier='osgi.bundle' id='org.eclipse.e4.ui.css.core' version='0.12.0.v20160505-1310'>
      <properties size='1'>
        <property name='download.size' value='215801'/>
      </properties>
    </artifact>
    <artifact classifier='osgi.bundle' id='org.eclipse.equinox.p2.engine' version='2.4.100.v20160419-0834'>
      <properties size='1'>
        <property name='download.size' value='207690'/>
      </properties>
    </artifact>
    <artifact classifier='osgi.bundle' id='org.eclipse.ecf.filetransfer' version='5.0.0.v20160823-2221'>
      <properties size='1'>
        <property name='download.size' value='53442'/>
      </properties>
    </artifact>
    <artifact classifier='osgi.bundle' id='org.eclipse.gmf.runtime.common.ui.printing' version='1.7.0.201606071959'>
      <properties size='1'>
        <property name='download.size' value='15003'/>
      </properties>
    </artifact>
    <artifact classifier='org.eclipse.update.feature' id='br.ufpe.cin.eercase.platform.feature' version='1.0.3'>
      <properties size='1'>
        <property name='download.size' value='8280'/>
      </properties>
      <repositoryProperties size='1'>
        <property name='artifact.folder' value='true'/>
      </repositoryProperties>
    </artifact>
    <artifact classifier='osgi.bundle' id='org.eclipse.e4.core.commands' version='0.11.100.v20160506-0804'>
      <properties size='1'>
        <property name='download.size' value='26000'/>
      </properties>
    </artifact>
    <artifact classifier='osgi.bundle' id='org.eclipse.gmf.runtime.common.ui.services.action' version='1.7.0.201606071959'>
      <properties size='1'>
        <property name='download.size' value='119671'/>
      </properties>
    </artifact>
    <artifact classifier='osgi.bundle' id='org.eclipse.equinox.p2.ui.sdk' version='1.0.400.v20150423-1455'>
      <properties size='1'>
        <property name='download.size' value='48561'/>
      </properties>
    </artifact>
    <artifact classifier='osgi.bundle' id='org.eclipse.datatools.connectivity.db.generic' version='1.1.0.201603142002'>
      <properties size='1'>
        <property name='download.size' value='16082'/>
      </properties>
    </artifact>
    <artifact classifier='osgi.bundle' id='org.eclipse.datatools.sqltools.common.ui' version='1.1.0.201603142002'>
      <properties size='1'>
        <property name='download.size' value='232441'/>
      </properties>
    </artifact>
    <artifact classifier='osgi.bundle' id='org.eclipse.emf.mapping.xsd2ecore' version='2.6.0.v20160526-0356'>
      <properties size='1'>
        <property name='download.size' value='31472'/>
      </properties>
    </artifact>
    <artifact classifier='osgi.bundle' id='org.eclipse.e4.core.di' version='1.6.1.v20160712-0927'>
      <properties size='1'>
        <property name='download.size' value='54696'/>
      </properties>
    </artifact>
    <artifact classifier='osgi.bundle' id='org.eclipse.epsilon.ewl.gmf' version='1.4.0.201611012202'>
      <properties size='1'>
        <property name='download.size' value='15562'/>
      </properties>
    </artifact>
    <artifact classifier='osgi.bundle' id='org.eclipse.ui.editors' version='3.10.0.v20160505-0931'>
      <properties size='1'>
        <property name='download.size' value='610992'/>
      </properties>
    </artifact>
    <artifact classifier='osgi.bundle' id='org.eclipse.e4.ui.bindings' version='0.11.100.v20160509-1025'>
      <properties size='1'>
        <property name='download.size' value='50737'/>
      </properties>
    </artifact>
    <artifact classifier='osgi.bundle' id='org.eclipse.osgi.compatibility.state' version='1.0.200.v20160504-1419'>
      <properties size='1'>
        <property name='download.size' value='244042'/>
      </properties>
    </artifact>
    <artifact classifier='osgi.bundle' id='org.sat4j.pb' version='2.3.5.v201404071733'>
      <properties size='1'>
        <property name='download.size' value='241956'/>
      </properties>
    </artifact>
    <artifact classifier='osgi.bundle' id='org.eclipse.gmf.runtime.common.ui.action' version='1.7.0.201606071959'>
      <properties size='1'>
        <property name='download.size' value='101958'/>
      </properties>
    </artifact>
    <artifact classifier='osgi.bundle' id='org.apache.lucene.analysis' version='3.5.0.v20120725-1805'>
      <properties size='1'>
        <property name='download.size' value='908681'/>
      </properties>
    </artifact>
    <artifact classifier='osgi.bundle' id='org.eclipse.e4.ui.services' version='1.2.100.v20160506-0759'>
      <properties size='1'>
        <property name='download.size' value='28151'/>
      </properties>
    </artifact>
    <artifact classifier='osgi.bundle' id='org.apache.batik.util' version='1.6.0.v201011041432'>
      <properties size='1'>
        <property name='download.size' value='101828'/>
      </properties>
    </artifact>
    <artifact classifier='osgi.bundle' id='org.eclipse.gmf.runtime.diagram.ui.geoshapes' version='1.7.0.201606071959'>
      <properties size='1'>
        <property name='download.size' value='101180'/>
      </properties>
    </artifact>
    <artifact classifier='osgi.bundle' id='org.eclipse.ecf.ssl' version='1.2.0.v20160823-2221'>
      <properties size='1'>
        <property name='download.size' value='15029'/>
      </properties>
    </artifact>
    <artifact classifier='osgi.bundle' id='org.eclipse.epsilon.emc.emf' version='1.4.0.201611012202'>
      <properties size='1'>
        <property name='download.size' value='118129'/>
      </properties>
    </artifact>
    <artifact classifier='osgi.bundle' id='org.eclipse.ui.ide.application' version='1.1.101.v20160829-0827'>
      <properties size='1'>
        <property name='download.size' value='95438'/>
      </properties>
    </artifact>
    <artifact classifier='osgi.bundle' id='org.eclipse.ui.navigator' version='3.6.100.v20160518-1929'>
      <properties size='1'>
        <property name='download.size' value='437025'/>
      </properties>
    </artifact>
    <artifact classifier='osgi.bundle' id='org.eclipse.equinox.p2.touchpoint.eclipse' version='2.1.400.v20160419-0834'>
      <properties size='1'>
        <property name='download.size' value='128908'/>
      </properties>
    </artifact>
    <artifact classifier='osgi.bundle' id='org.apache.lucene.core' version='3.5.0.v20120725-1805'>
      <properties size='1'>
        <property name='download.size' value='1550172'/>
      </properties>
    </artifact>
    <artifact classifier='osgi.bundle' id='org.eclipse.equinox.common' version='3.8.0.v20160509-1230'>
      <properties size='1'>
        <property name='download.size' value='120435'/>
      </properties>
    </artifact>
    <artifact classifier='osgi.bundle' id='br.ufpe.cin.eercase.validation' version='1.0.0.202009091725'>
      <properties size='1'>
        <property name='download.size' value='19116'/>
      </properties>
    </artifact>
    <artifact classifier='osgi.bundle' id='org.eclipse.e4.core.contexts' version='1.5.0.v20160504-0909'>
      <properties size='1'>
        <property name='download.size' value='48129'/>
      </properties>
    </artifact>
    <artifact classifier='osgi.bundle' id='org.eclipse.equinox.registry' version='3.6.100.v20160223-2218'>
      <properties size='1'>
        <property name='download.size' value='186860'/>
      </properties>
    </artifact>
    <artifact classifier='osgi.bundle' id='org.eclipse.equinox.p2.directorywatcher' version='1.1.100.v20150423-1455'>
      <properties size='1'>
        <property name='download.size' value='33007'/>
      </properties>
    </artifact>
    <artifact classifier='osgi.bundle' id='javax.servlet' version='3.1.0.v201410161800'>
      <properties size='1'>
        <property name='download.size' value='105237'/>
      </properties>
    </artifact>
    <artifact classifier='osgi.bundle' id='org.eclipse.gmf.runtime.notation.sdk' version='1.7.0.201606071631'>
      <properties size='1'>
        <property name='download.size' value='14366'/>
      </properties>
    </artifact>
    <artifact classifier='osgi.bundle' id='org.eclipse.core.databinding.beans' version='1.3.100.v20160509-1025'>
      <properties size='1'>
        <property name='download.size' value='80155'/>
      </properties>
    </artifact>
    <artifact classifier='osgi.bundle' id='org.eclipse.datatools.sqltools.plan' version='1.1.0.201603142002'>
      <properties size='1'>
        <property name='download.size' value='131562'/>
      </properties>
    </artifact>
    <artifact classifier='osgi.bundle' id='org.eclipse.team.ui' version='3.8.0.v20160518-1906'>
      <properties size='1'>
        <property name='download.size' value='1536964'/>
      </properties>
    </artifact>
    <artifact classifier='osgi.bundle' id='org.eclipse.epsilon.common' version='1.4.0.201611012202'>
      <properties size='1'>
        <property name='download.size' value='83222'/>
      </properties>
    </artifact>
    <artifact classifier='osgi.bundle' id='org.eclipse.datatools.sqltools.sql.ui' version='1.1.0.201603142002'>
      <properties size='1'>
        <property name='download.size' value='30752'/>
      </properties>
    </artifact>
    <artifact classifier='osgi.bundle' id='org.eclipse.epsilon.ewl.engine' version='1.4.0.201611012202'>
      <properties size='1'>
        <property name='download.size' value='285593'/>
      </properties>
    </artifact>
    <artifact classifier='osgi.bundle' id='org.eclipse.debug.core' version='3.10.100.v20160419-1720'>
      <properties size='1'>
        <property name='download.size' value='369550'/>
      </properties>
    </artifact>
    <artifact classifier='osgi.bundle' id='org.eclipse.core.net.win32.x86_64' version='1.1.0.v20160323-1650'>
      <properties size='1'>
        <property name='download.size' value='29884'/>
      </properties>
    </artifact>
    <artifact classifier='osgi.bundle' id='org.eclipse.gmf.runtime.diagram.ui.providers' version='1.7.0.201606071959'>
      <properties size='1'>
        <property name='download.size' value='137195'/>
      </properties>
    </artifact>
    <artifact classifier='osgi.bundle' id='org.eclipse.xsd' version='2.12.0.v20160526-0356'>
      <properties size='1'>
        <property name='download.size' value='996725'/>
      </properties>
    </artifact>
    <artifact classifier='osgi.bundle' id='br.ufpe.cin.eercase.figure' version='1.0.0.202009091725'>
      <properties size='1'>
        <property name='download.size' value='5210'/>
      </properties>
    </artifact>
    <artifact classifier='osgi.bundle' id='org.w3c.dom.smil' version='1.0.1.v200903091627'>
      <properties size='1'>
        <property name='download.size' value='20106'/>
      </properties>
    </artifact>
    <artifact classifier='osgi.bundle' id='org.eclipse.epsilon.erl.engine' version='1.4.0.201611012202'>
      <properties size='1'>
        <property name='download.size' value='29661'/>
      </properties>
    </artifact>
    <artifact classifier='osgi.bundle' id='br.ufpe.cin.eercase.diagram' version='1.0.0.202009091725'>
      <properties size='1'>
        <property name='download.size' value='2961832'/>
      </properties>
    </artifact>
    <artifact classifier='osgi.bundle' id='org.eclipse.equinox.p2.extensionlocation' version='1.2.300.v20160419-0834'>
      <properties size='1'>
        <property name='download.size' value='36213'/>
      </properties>
    </artifact>
    <artifact classifier='osgi.bundle' id='org.eclipse.swt' version='3.105.1.v20160907-0248'>
      <properties size='1'>
        <property name='download.size' value='19644'/>
      </properties>
    </artifact>
    <artifact classifier='osgi.bundle' id='org.eclipse.gmf.runtime.diagram.ui.printing' version='1.7.0.201606071959'>
      <properties size='1'>
        <property name='download.size' value='90246'/>
      </properties>
    </artifact>
    <artifact classifier='osgi.bundle' id='org.eclipse.gmf.runtime.notation.edit' version='1.7.0.201606071631'>
      <properties size='1'>
        <property name='download.size' value='251692'/>
      </properties>
    </artifact>
    <artifact classifier='osgi.bundle' id='org.apache.batik.css' version='1.6.0.v201011041432'>
      <properties size='1'>
        <property name='download.size' value='266086'/>
      </properties>
    </artifact>
    <artifact classifier='osgi.bundle' id='org.eclipse.gmf.runtime.common.ui.services' version='1.9.0.201606071959'>
      <properties size='1'>
        <property name='download.size' value='101094'/>
      </properties>
    </artifact>
    <artifact classifier='osgi.bundle' id='org.apache.batik.transcoder' version='1.6.0.v201011041432'>
      <properties size='1'>
        <property name='download.size' value='81018'/>
      </properties>
    </artifact>
    <artifact classifier='osgi.bundle' id='org.eclipse.equinox.ds' version='1.4.400.v20160226-2036'>
      <properties size='1'>
        <property name='download.size' value='196894'/>
      </properties>
    </artifact>
    <artifact classifier='osgi.bundle' id='org.eclipse.equinox.p2.updatechecker' version='1.1.200.v20131119-0908'>
      <properties size='1'>
        <property name='download.size' value='17665'/>
      </properties>
    </artifact>
    <artifact classifier='osgi.bundle' id='org.eclipse.compare' version='3.6.0.v20160418-1534'>
      <properties size='1'>
        <property name='download.size' value='799482'/>
      </properties>
    </artifact>
    <artifact classifier='osgi.bundle' id='org.eclipse.datatools.modelbase.sql.query' version='1.3.201.201811012051'>
      <properties size='1'>
        <property name='download.size' value='636713'/>
      </properties>
    </artifact>
    <artifact classifier='osgi.bundle' id='org.apache.batik.pdf' version='1.6.0.v201105071520'>
      <properties size='1'>
        <property name='download.size' value='510234'/>
      </properties>
    </artifact>
    <artifact classifier='osgi.bundle' id='org.eclipse.e4.ui.css.swt.theme' version='0.10.100.v20160523-0836'>
      <properties size='1'>
        <property name='download.size' value='27497'/>
      </properties>
    </artifact>
    <artifact classifier='osgi.bundle' id='org.w3c.css.sac' version='1.3.1.v200903091627'>
      <properties size='1'>
        <property name='download.size' value='38584'/>
      </properties>
    </artifact>
    <artifact classifier='osgi.bundle' id='org.eclipse.equinox.launcher' version='1.3.200.v20160318-1642'>
      <properties size='1'>
        <property name='download.size' value='51690'/>
      </properties>
    </artifact>
    <artifact classifier='osgi.bundle' id='org.apache.batik.parser' version='1.6.0.v201011041432'>
      <properties size='1'>
        <property name='download.size' value='56219'/>
      </properties>
    </artifact>
    <artifact classifier='osgi.bundle' id='org.eclipse.equinox.p2.jarprocessor' version='1.0.500.v20160504-1450'>
      <properties size='1'>
        <property name='download.size' value='72608'/>
      </properties>
    </artifact>
    <artifact classifier='osgi.bundle' id='org.eclipse.core.net' version='1.3.0.v20160418-1534'>
      <properties size='1'>
        <property name='download.size' value='74341'/>
      </properties>
    </artifact>
    <artifact classifier='osgi.bundle' id='org.eclipse.datatools.modelbase.sql' version='1.2.101.201811012051'>
      <properties size='1'>
        <property name='download.size' value='579818'/>
      </properties>
    </artifact>
    <artifact classifier='osgi.bundle' id='org.eclipse.gmf.runtime.emf.core' version='1.7.0.201606071959'>
      <properties size='1'>
        <property name='download.size' value='113847'/>
      </properties>
    </artifact>
    <artifact classifier='osgi.bundle' id='org.eclipse.core.filesystem.win32.x86_64' version='1.4.0.v20140124-1940'>
      <properties size='1'>
        <property name='download.size' value='32009'/>
      </properties>
    </artifact>
    <artifact classifier='osgi.bundle' id='org.eclipse.equinox.p2.metadata' version='2.3.100.v20160427-2220'>
      <properties size='1'>
        <property name='download.size' value='343607'/>
      </properties>
    </artifact>
    <artifact classifier='osgi.bundle' id='org.eclipse.gmf.runtime.emf.commands.core' version='1.7.0.201606071959'>
      <properties size='1'>
        <property name='download.size' value='28976'/>
      </properties>
    </artifact>
  </artifacts>
</repository>
